<?xml version="1.0" encoding="UTF-8"?>
<root>
  <item name="com.uber.sdk.android.rides.RideRequestActivity LOGIN_REQUEST_CODE">
    <annotation name="android.support.annotation.VisibleForTesting" />
  </item>
  <item name="com.uber.sdk.android.rides.RideRequestActivity RIDE_PARAMETERS">
    <annotation name="android.support.annotation.VisibleForTesting" />
  </item>
  <item name="com.uber.sdk.android.rides.RideRequestActivity accessTokenManager">
    <annotation name="android.support.annotation.VisibleForTesting" />
  </item>
  <item name="com.uber.sdk.android.rides.RideRequestActivity authenticationErrorDialog">
    <annotation name="android.support.annotation.VisibleForTesting" />
  </item>
  <item name="com.uber.sdk.android.rides.RideRequestActivity loginManager">
    <annotation name="android.support.annotation.VisibleForTesting" />
  </item>
  <item name="com.uber.sdk.android.rides.RideRequestActivity rideRequestErrorDialog">
    <annotation name="android.support.annotation.VisibleForTesting" />
  </item>
  <item name="com.uber.sdk.android.rides.RideRequestActivity rideRequestView">
    <annotation name="android.support.annotation.VisibleForTesting" />
  </item>
  <item name="com.uber.sdk.android.rides.RideRequestView java.lang.String buildUrlFromRideParameters(android.content.Context, com.uber.sdk.android.rides.RideParameters, com.uber.sdk.rides.client.SessionConfiguration)">
    <annotation name="android.support.annotation.VisibleForTesting" />
  </item>
  <item name="com.uber.sdk.android.rides.RideRequestView java.util.Map&lt;java.lang.String,java.lang.String&gt; getHeaders(com.uber.sdk.core.auth.AccessToken)">
    <annotation name="android.support.annotation.VisibleForTesting" />
  </item>
  <item name="com.uber.sdk.android.rides.RideRequestView rideParameters">
    <annotation name="android.support.annotation.VisibleForTesting" />
  </item>
  <item name="com.uber.sdk.android.rides.RideRequestView.RideRequestWebViewClient">
    <annotation name="android.support.annotation.VisibleForTesting" />
  </item>
  <item name="com.uber.sdk.android.rides.RideRequestView.RideRequestWebViewClient RideRequestWebViewClient(com.uber.sdk.android.rides.RideRequestView.RideRequestWebViewClientCallback)">
    <annotation name="android.support.annotation.VisibleForTesting" />
  </item>
  <item name="com.uber.sdk.android.rides.RideRequestView.RideRequestWebViewClientCallback">
    <annotation name="android.support.annotation.VisibleForTesting" />
  </item>
</root>

